field,x_utm33n_m_centered,y_utm33n_m_centered
Offshore Zannone Island,-364.0,186.1
Offshore Zannone Island,-353.8,224.1
Offshore Zannone Island,-332.9,184.1
Offshore Zannone Island,-318.0,248.6
Offshore Zannone Island,-290.6,96.1
Offshore Zannone Island,-282.5,186.1
Offshore Zannone Island,-273.0,297.6
Offshore Zannone Island,-256.1,129.6
Offshore Zannone Island,-255.7,-108.9
Offshore Zannone Island,-249.9,343.1
Offshore Zannone Island,-248.6,-380.9
Offshore Zannone Island,-244.2,-316.9
Offshore Zannone Island,-231.5,628.6
Offshore Zannone Island,-229.6,500.6
Offshore Zannone Island,-229.5,-250.9
Offshore Zannone Island,-223.0,80.1
Offshore Zannone Island,-221.4,537.1
Offshore Zannone Island,-220.8,-32.9
Offshore Zannone Island,-219.8,0.6
Offshore Zannone Island,-214.7,-488.4
Offshore Zannone Island,-209.3,162.1
Offshore Zannone Island,-208.4,-206.9
Offshore Zannone Island,-192.0,-148.4
Offshore Zannone Island,-181.7,-297.4
Offshore Zannone Island,-178.4,280.6
Offshore Zannone Island,-172.1,-468.4
Offshore Zannone Island,-170.8,-30.4
Offshore Zannone Island,-169.4,-74.9
Offshore Zannone Island,-166.0,-420.4
Offshore Zannone Island,-163.7,-221.9
Offshore Zannone Island,-150.3,179.1
Offshore Zannone Island,-149.7,242.6
Offshore Zannone Island,-148.1,627.6
Offshore Zannone Island,-144.6,-25.9
Offshore Zannone Island,-141.0,-93.4
Offshore Zannone Island,-126.7,206.1
Offshore Zannone Island,-119.4,-128.4
Offshore Zannone Island,-109.1,662.6
Offshore Zannone Island,-106.2,-212.4
Offshore Zannone Island,-103.0,-82.4
Offshore Zannone Island,-97.1,-171.9
Offshore Zannone Island,-75.8,549.1
Offshore Zannone Island,-69.5,-211.9
Offshore Zannone Island,-65.6,-254.9
Offshore Zannone Island,-56.1,579.1
Offshore Zannone Island,-55.0,49.1
Offshore Zannone Island,-53.4,-198.4
Offshore Zannone Island,-41.1,502.1
Offshore Zannone Island,-34.2,-130.9
Offshore Zannone Island,-31.4,-220.9
Offshore Zannone Island,-26.4,-71.4
Offshore Zannone Island,-23.9,60.6
Offshore Zannone Island,-22.9,409.1
Offshore Zannone Island,-21.2,443.6
Offshore Zannone Island,-18.1,-23.9
Offshore Zannone Island,-16.3,-136.4
Offshore Zannone Island,-8.7,-52.9
Offshore Zannone Island,-7.7,-577.9
Offshore Zannone Island,2.0,107.1
Offshore Zannone Island,3.4,-216.9
Offshore Zannone Island,13.6,68.1
Offshore Zannone Island,43.7,259.1
Offshore Zannone Island,45.3,129.6
Offshore Zannone Island,47.2,519.1
Offshore Zannone Island,56.9,202.6
Offshore Zannone Island,59.2,-140.9
Offshore Zannone Island,72.0,-224.9
Offshore Zannone Island,72.4,-756.9
Offshore Zannone Island,83.7,-161.9
Offshore Zannone Island,83.8,415.6
Offshore Zannone Island,85.6,137.1
Offshore Zannone Island,104.9,466.6
Offshore Zannone Island,109.6,-319.9
Offshore Zannone Island,110.6,567.1
Offshore Zannone Island,114.2,-139.9
Offshore Zannone Island,115.1,-260.4
Offshore Zannone Island,116.5,525.6
Offshore Zannone Island,127.3,174.6
Offshore Zannone Island,129.3,-196.4
Offshore Zannone Island,136.3,20.1
Offshore Zannone Island,147.0,-297.4
Offshore Zannone Island,150.4,-55.4
Offshore Zannone Island,155.9,-204.9
Offshore Zannone Island,156.4,-403.9
Offshore Zannone Island,173.5,-269.9
Offshore Zannone Island,174.9,-39.4
Offshore Zannone Island,175.6,393.1
Offshore Zannone Island,177.1,477.6
Offshore Zannone Island,178.5,-298.9
Offshore Zannone Island,183.8,-220.4
Offshore Zannone Island,185.2,-246.9
Offshore Zannone Island,188.4,-371.9
Offshore Zannone Island,188.6,370.6
Offshore Zannone Island,197.1,-163.9
Offshore Zannone Island,201.4,518.1
Offshore Zannone Island,202.9,394.1
Offshore Zannone Island,205.7,-741.9
Offshore Zannone Island,207.9,-589.9
Offshore Zannone Island,214.2,-658.4
Offshore Zannone Island,223.3,-340.4
Offshore Zannone Island,224.4,-522.9
Offshore Zannone Island,278.7,585.6
Offshore Zannone Island,279.2,-184.9
Offshore Zannone Island,286.6,-480.4
Offshore Zannone Island,289.5,-741.9
Offshore Zannone Island,290.8,-591.9
Offshore Zannone Island,292.8,643.6
Offshore Zannone Island,293.3,512.6
Offshore Zannone Island,296.8,555.1
Offshore Zannone Island,350.0,540.1
Offshore Zannone Island,379.4,-530.4
Offshore Zannone Island,411.5,-765.9
northwestern Calabrian margin,-12345.3,22007.1
northwestern Calabrian margin,-9753.3,-7011.4
northwestern Calabrian margin,-9486.1,-6441.4
northwestern Calabrian margin,-9469.8,-4440.9
northwestern Calabrian margin,-9387.2,-3208.4
northwestern Calabrian margin,-9302.8,-6892.9
northwestern Calabrian margin,-9281.5,-6366.4
northwestern Calabrian margin,-9076.8,-1037.9
northwestern Calabrian margin,-9020.1,-1584.9
northwestern Calabrian margin,-9017.5,-4648.4
northwestern Calabrian margin,-8936.5,110.6
northwestern Calabrian margin,-8919.8,-4521.4
northwestern Calabrian margin,-8896.0,-462.9
northwestern Calabrian margin,-8880.1,-4310.9
northwestern Calabrian margin,-8863.5,-1068.4
northwestern Calabrian margin,-8757.0,-4341.4
northwestern Calabrian margin,-8616.9,-1182.4
northwestern Calabrian margin,-8613.1,-5035.4
northwestern Calabrian margin,-8592.3,-4035.9
northwestern Calabrian margin,-8582.2,1295.6
northwestern Calabrian margin,-8582.1,-1497.9
northwestern Calabrian margin,-8560.8,-981.9
northwestern Calabrian margin,-8509.8,-1265.9
northwestern Calabrian margin,-8506.4,-4666.9
northwestern Calabrian margin,-8436.6,-1170.9
northwestern Calabrian margin,-8377.7,-4265.9
northwestern Calabrian margin,-8292.4,-5180.9
northwestern Calabrian margin,-8287.8,-4612.4
northwestern Calabrian margin,-8213.0,-1537.9
northwestern Calabrian margin,-8204.5,-4822.4
northwestern Calabrian margin,-8190.0,-4527.4
northwestern Calabrian margin,-8162.3,-5000.9
northwestern Calabrian margin,-8082.7,-4621.4
northwestern Calabrian margin,-8017.8,-4505.4
northwestern Calabrian margin,-8015.1,-4936.9
northwestern Calabrian margin,-8002.2,-4389.4
northwestern Calabrian margin,-7912.4,-4325.9
northwestern Calabrian margin,-7862.1,-4504.4
northwestern Calabrian margin,-7825.0,-1972.4
northwestern Calabrian margin,-7814.6,-392.9
northwestern Calabrian margin,-7707.8,-2976.9
northwestern Calabrian margin,-7673.3,-4529.4
northwestern Calabrian margin,-7598.0,-4760.4
northwestern Calabrian margin,-7572.3,1129.6
northwestern Calabrian margin,-7542.3,-3217.9
northwestern Calabrian margin,-7524.3,-3459.9
northwestern Calabrian margin,-7501.9,-4401.9
northwestern Calabrian margin,-7485.2,-6607.9
northwestern Calabrian margin,-7484.6,-727.9
northwestern Calabrian margin,-7454.6,-3459.4
northwestern Calabrian margin,-7360.8,-4664.4
northwestern Calabrian margin,-7343.0,1635.1
northwestern Calabrian margin,-7320.6,-4542.9
northwestern Calabrian margin,-7301.6,-4937.9
northwestern Calabrian margin,-7253.7,-4737.4
northwestern Calabrian margin,-7239.3,-6332.4
northwestern Calabrian margin,-7150.1,2996.1
northwestern Calabrian margin,-7102.5,-4020.4
northwestern Calabrian margin,-7003.6,484.6
northwestern Calabrian margin,-7002.7,-1087.9
northwestern Calabrian margin,-6996.9,3365.6
northwestern Calabrian margin,-6903.2,-2518.9
northwestern Calabrian margin,-6868.8,-4650.4
northwestern Calabrian margin,-6847.0,-2339.9
northwestern Calabrian margin,-6805.3,-3081.4
northwestern Calabrian margin,-6780.8,-2433.9
northwestern Calabrian margin,-6749.3,-2860.4
northwestern Calabrian margin,-6609.8,-2890.9
northwestern Calabrian margin,-6572.2,-2364.4
northwestern Calabrian margin,-6539.9,1147.1
northwestern Calabrian margin,-6504.4,1979.1
northwestern Calabrian margin,-6493.3,-2756.4
northwestern Calabrian margin,-6486.8,-1315.9
northwestern Calabrian margin,-6468.5,-1921.4
northwestern Calabrian margin,-6460.3,-1610.9
northwestern Calabrian margin,-6431.7,895.1
northwestern Calabrian margin,-6297.7,-4204.9
northwestern Calabrian margin,-6289.5,-4204.9
northwestern Calabrian margin,-6265.4,-2888.4
northwestern Calabrian margin,-6251.1,-2561.9
northwestern Calabrian margin,-6248.3,-3004.4
northwestern Calabrian margin,-6237.1,-2214.4
northwestern Calabrian margin,-6196.8,-3351.4
northwestern Calabrian margin,-6185.0,-5988.9
northwestern Calabrian margin,-6128.0,-2592.9
northwestern Calabrian margin,-6035.6,-2929.4
northwestern Calabrian margin,-5996.8,4498.6
northwestern Calabrian margin,-5845.7,-3122.9
northwestern Calabrian margin,-5780.4,-1848.4
northwestern Calabrian margin,-5726.6,-6543.4
northwestern Calabrian margin,-5717.0,636.6
northwestern Calabrian margin,-5641.0,-3079.4
northwestern Calabrian margin,-5550.7,-3099.4
northwestern Calabrian margin,-5493.2,-3109.9
northwestern Calabrian margin,-5471.3,648.6
northwestern Calabrian margin,-5449.8,1112.1
northwestern Calabrian margin,-5419.6,-3088.4
northwestern Calabrian margin,-5240.1,2829.6
northwestern Calabrian margin,-5215.9,-4118.4
northwestern Calabrian margin,-5166.2,1587.6
northwestern Calabrian margin,-5159.2,-2791.9
northwestern Calabrian margin,-4995.5,4210.6
northwestern Calabrian margin,-4985.5,-595.4
northwestern Calabrian margin,-4978.3,1673.1
northwestern Calabrian margin,-4970.1,-4074.9
northwestern Calabrian margin,-4968.2,-4358.9
northwestern Calabrian margin,-4936.9,-2926.9
northwestern Calabrian margin,-4927.0,-3190.4
northwestern Calabrian margin,-4922.0,1821.1
northwestern Calabrian margin,-4903.8,814.6
northwestern Calabrian margin,-4896.3,1663.1
northwestern Calabrian margin,-4878.2,-399.9
northwestern Calabrian margin,-4872.1,-394.9
northwestern Calabrian margin,-4844.0,-3326.4
northwestern Calabrian margin,-4837.8,1495.1
northwestern Calabrian margin,-4803.4,-857.4
northwestern Calabrian margin,-4798.4,-2799.9
northwestern Calabrian margin,-4764.0,2685.6
northwestern Calabrian margin,-4758.5,1147.1
northwestern Calabrian margin,-4739.9,-2967.9
northwestern Calabrian margin,-4729.4,-4515.4
northwestern Calabrian margin,-4708.6,4191.1
northwestern Calabrian margin,-4688.1,-3335.9
northwestern Calabrian margin,-4645.6,-3556.9
northwestern Calabrian margin,-4627.5,-3819.9
northwestern Calabrian margin,-4625.6,423.1
northwestern Calabrian margin,-4583.2,-4303.9
northwestern Calabrian margin,-4425.1,3466.6
northwestern Calabrian margin,-4385.1,470.6
northwestern Calabrian margin,-4384.5,1119.6
northwestern Calabrian margin,-4307.3,-113.4
northwestern Calabrian margin,-4242.6,3131.1
northwestern Calabrian margin,-4192.8,-6532.9
northwestern Calabrian margin,-4144.6,-6369.4
northwestern Calabrian margin,-4098.1,-4484.9
northwestern Calabrian margin,-4065.6,-2057.9
northwestern Calabrian margin,-3997.1,-3662.9
northwestern Calabrian margin,-3979.4,1785.6
northwestern Calabrian margin,-3927.3,-4283.4
northwestern Calabrian margin,-3919.6,1428.1
northwestern Calabrian margin,-3822.0,-4103.9
northwestern Calabrian margin,-3731.9,-7045.9
northwestern Calabrian margin,-3696.2,-3313.4
northwestern Calabrian margin,-3690.1,1296.6
northwestern Calabrian margin,-3630.0,4567.1
northwestern Calabrian margin,-3623.1,-1728.4
northwestern Calabrian margin,-3576.1,-4375.9
northwestern Calabrian margin,-3555.5,-2160.9
northwestern Calabrian margin,-3539.5,-3448.9
northwestern Calabrian margin,-3496.6,-3711.9
northwestern Calabrian margin,-3404.8,-3953.4
northwestern Calabrian margin,-3395.3,-4716.9
northwestern Calabrian margin,-3393.3,-4721.9
northwestern Calabrian margin,-3389.8,-5748.9
northwestern Calabrian margin,-3361.3,-1952.9
northwestern Calabrian margin,-3243.0,-5110.4
northwestern Calabrian margin,-3224.4,-4536.4
northwestern Calabrian margin,-3156.6,-4562.4
northwestern Calabrian margin,-3088.5,-4909.4
northwestern Calabrian margin,-3075.3,-5925.4
northwestern Calabrian margin,-3039.8,-4835.4
northwestern Calabrian margin,-3016.4,-4666.9
northwestern Calabrian margin,-2999.8,-2488.9
northwestern Calabrian margin,-2995.3,-3715.4
northwestern Calabrian margin,-2966.5,4561.1
northwestern Calabrian margin,-2860.1,-4739.4
northwestern Calabrian margin,-2827.6,-2487.4
northwestern Calabrian margin,-2792.5,804.1
northwestern Calabrian margin,-2660.4,-3149.4
northwestern Calabrian margin,-2626.7,-4049.4
northwestern Calabrian margin,-2621.5,-2231.9
northwestern Calabrian margin,-2557.3,-3043.4
northwestern Calabrian margin,-2496.1,-3183.4
northwestern Calabrian margin,-2463.5,-2546.9
northwestern Calabrian margin,-2454.0,-2736.4
northwestern Calabrian margin,-2417.5,4544.1
northwestern Calabrian margin,-2413.3,-5001.9
northwestern Calabrian margin,-2413.1,-3337.4
northwestern Calabrian margin,-2392.3,4449.6
northwestern Calabrian margin,-2342.0,-3343.9
northwestern Calabrian margin,-2318.0,4366.1
northwestern Calabrian margin,-2313.9,4945.1
northwestern Calabrian margin,-2254.5,-5432.4
northwestern Calabrian margin,-2234.7,4177.1
northwestern Calabrian margin,-2129.3,893.1
northwestern Calabrian margin,-2106.1,-5526.4
northwestern Calabrian margin,-2094.1,2851.6
northwestern Calabrian margin,-2090.0,2272.6
northwestern Calabrian margin,-1956.8,1978.6
northwestern Calabrian margin,-1956.1,-6154.4
northwestern Calabrian margin,-1952.3,3642.1
northwestern Calabrian margin,-1871.1,1452.6
northwestern Calabrian margin,-1838.8,2653.1
northwestern Calabrian margin,-1818.6,2127.1
northwestern Calabrian margin,-1801.5,23825.6
northwestern Calabrian margin,-1769.3,-5607.9
northwestern Calabrian margin,-1760.9,937.6
northwestern Calabrian margin,-1696.3,-4190.4
northwestern Calabrian margin,-1694.1,1906.6
northwestern Calabrian margin,-1675.9,1654.1
northwestern Calabrian margin,-1643.8,-6236.4
northwestern Calabrian margin,-1597.0,-5898.9
northwestern Calabrian margin,-1591.8,2486.6
northwestern Calabrian margin,-1550.9,1360.6
northwestern Calabrian margin,-1448.5,1940.1
northwestern Calabrian margin,-1435.1,22982.1
northwestern Calabrian margin,-1430.3,2814.1
northwestern Calabrian margin,-1240.7,2657.6
northwestern Calabrian margin,-1086.3,-106.4
northwestern Calabrian margin,-798.3,-1383.4
northwestern Calabrian margin,-608.5,-1197.9
northwestern Calabrian margin,284.0,20332.6
northwestern Calabrian margin,498.6,24176.1
northwestern Calabrian margin,650.4,20163.1
northwestern Calabrian margin,949.5,24590.1
northwestern Calabrian margin,1022.4,24767.6
northwestern Calabrian margin,1022.5,24767.6
northwestern Calabrian margin,1070.0,20038.6
northwestern Calabrian margin,1389.4,25421.1
northwestern Calabrian margin,1389.4,25421.1
northwestern Calabrian margin,1404.0,25180.6
northwestern Calabrian margin,1422.9,27465.1
northwestern Calabrian margin,1545.4,5952.6
northwestern Calabrian margin,1602.0,19818.6
northwestern Calabrian margin,1684.9,25271.6
northwestern Calabrian margin,1917.3,5464.1
northwestern Calabrian margin,1989.8,25737.1
northwestern Calabrian margin,2056.2,25483.1
northwestern Calabrian margin,2056.2,25483.1
northwestern Calabrian margin,2341.9,20745.6
northwestern Calabrian margin,2342.0,20745.6
northwestern Calabrian margin,2658.8,25154.1
northwestern Calabrian margin,2719.0,25589.1
northwestern Calabrian margin,2780.8,3686.6
northwestern Calabrian margin,2901.3,24979.1
northwestern Calabrian margin,2919.3,11088.6
northwestern Calabrian margin,3044.7,25309.6
northwestern Calabrian margin,3113.9,10565.6
northwestern Calabrian margin,3113.9,10565.6
northwestern Calabrian margin,3241.5,10225.1
northwestern Calabrian margin,3248.1,20606.1
northwestern Calabrian margin,3296.9,10420.1
northwestern Calabrian margin,3353.1,2963.1
northwestern Calabrian margin,3362.9,20278.1
northwestern Calabrian margin,3399.7,10012.1
northwestern Calabrian margin,3408.0,26705.1
northwestern Calabrian margin,3408.0,26705.1
northwestern Calabrian margin,3583.7,4257.6
northwestern Calabrian margin,3588.0,9817.6
northwestern Calabrian margin,3588.1,9817.6
northwestern Calabrian margin,3692.2,3075.1
northwestern Calabrian margin,3758.0,25868.1
northwestern Calabrian margin,3776.4,20628.6
northwestern Calabrian margin,3797.4,-7531.4
northwestern Calabrian margin,3856.7,4546.6
northwestern Calabrian margin,3951.8,-4950.4
northwestern Calabrian margin,4026.9,4102.6
northwestern Calabrian margin,4081.9,-8490.4
northwestern Calabrian margin,4107.7,-5719.9
northwestern Calabrian margin,4159.7,11155.1
northwestern Calabrian margin,4197.4,-5012.9
northwestern Calabrian margin,4220.5,-5648.9
northwestern Calabrian margin,4222.9,26809.1
northwestern Calabrian margin,4242.9,-6167.4
northwestern Calabrian margin,4274.4,-8715.9
northwestern Calabrian margin,4277.9,-6009.9
northwestern Calabrian margin,4300.9,20684.1
northwestern Calabrian margin,4306.1,2479.1
northwestern Calabrian margin,4306.3,-5584.4
northwestern Calabrian margin,4355.0,-6009.4
northwestern Calabrian margin,4372.4,-5338.9
northwestern Calabrian margin,4379.5,4151.6
northwestern Calabrian margin,4379.5,4151.6
northwestern Calabrian margin,4438.4,-6218.4
northwestern Calabrian margin,4453.0,1825.1
northwestern Calabrian margin,4474.9,-5668.9
northwestern Calabrian margin,4477.6,-6579.4
northwestern Calabrian margin,4501.2,3671.1
northwestern Calabrian margin,4510.2,-6683.9
northwestern Calabrian margin,4521.1,-5773.4
northwestern Calabrian margin,4523.0,-7437.9
northwestern Calabrian margin,4523.1,-5452.9
northwestern Calabrian margin,4536.7,-6584.4
northwestern Calabrian margin,4574.1,4698.6
northwestern Calabrian margin,4581.4,-5935.9
northwestern Calabrian margin,4604.1,-7073.4
northwestern Calabrian margin,4612.0,-6927.9
northwestern Calabrian margin,4670.3,-6267.4
northwestern Calabrian margin,4690.3,2263.6
northwestern Calabrian margin,4705.4,-6116.9
northwestern Calabrian margin,4714.8,-6722.9
northwestern Calabrian margin,4735.9,-5946.4
northwestern Calabrian margin,4738.6,-6862.4
northwestern Calabrian margin,4795.8,21016.1
northwestern Calabrian margin,4829.5,-6306.9
northwestern Calabrian margin,4835.2,-6458.4
northwestern Calabrian margin,4843.9,-6972.4
northwestern Calabrian margin,4861.0,-5136.9
northwestern Calabrian margin,4918.4,-6638.4
northwestern Calabrian margin,4924.9,-6305.9
northwestern Calabrian margin,4957.2,-5810.9
northwestern Calabrian margin,4974.9,-8299.9
northwestern Calabrian margin,4980.9,-8480.4
northwestern Calabrian margin,4990.3,1956.6
northwestern Calabrian margin,5090.4,4166.1
northwestern Calabrian margin,5137.2,-7319.4
northwestern Calabrian margin,5139.4,-6461.9
northwestern Calabrian margin,5199.9,-8618.4
northwestern Calabrian margin,5203.7,3717.1
northwestern Calabrian margin,5203.8,3717.1
northwestern Calabrian margin,5205.7,-8775.4
northwestern Calabrian margin,5216.2,-6414.4
northwestern Calabrian margin,5255.9,-7400.4
northwestern Calabrian margin,5282.3,-8699.4
northwestern Calabrian margin,5297.5,3949.1
northwestern Calabrian margin,5345.6,-8669.4
northwestern Calabrian margin,5350.9,-7352.9
northwestern Calabrian margin,5353.2,-9048.4
northwestern Calabrian margin,5394.7,-7442.9
northwestern Calabrian margin,5425.2,-6430.4
northwestern Calabrian margin,5439.7,-8517.4
northwestern Calabrian margin,5455.1,-6769.4
northwestern Calabrian margin,5482.2,-9285.9
northwestern Calabrian margin,5485.5,-9128.9
northwestern Calabrian margin,5521.5,-7963.4
northwestern Calabrian margin,5523.9,-7689.4
northwestern Calabrian margin,5566.8,-9069.9
northwestern Calabrian margin,5576.2,-6586.4
northwestern Calabrian margin,5598.8,-7129.4
northwestern Calabrian margin,5602.2,-7840.4
northwestern Calabrian margin,5623.0,-9290.9
northwestern Calabrian margin,5629.0,-9471.4
northwestern Calabrian margin,5661.4,11210.1
northwestern Calabrian margin,5693.8,-9616.4
northwestern Calabrian margin,5695.6,-9272.4
northwestern Calabrian margin,5705.0,3428.1
northwestern Calabrian margin,5723.2,4188.1
northwestern Calabrian margin,5733.2,-9988.9
northwestern Calabrian margin,5769.0,-7693.4
northwestern Calabrian margin,5772.9,-6765.4
northwestern Calabrian margin,5775.0,3597.1
northwestern Calabrian margin,5775.1,3597.1
northwestern Calabrian margin,5795.2,10979.1
northwestern Calabrian margin,5821.4,-9661.9
northwestern Calabrian margin,5823.2,-8211.4
northwestern Calabrian margin,5831.9,-9848.4
northwestern Calabrian margin,5843.8,-7115.9
northwestern Calabrian margin,5862.1,12207.1
northwestern Calabrian margin,5948.2,3470.6
northwestern Calabrian margin,5985.8,-6711.4
northwestern Calabrian margin,6033.4,3950.6
northwestern Calabrian margin,6051.1,-7210.4
northwestern Calabrian margin,6120.6,-7100.4
northwestern Calabrian margin,6183.6,-7029.9
northwestern Calabrian margin,6245.9,-6877.9
northwestern Calabrian margin,6325.5,-6893.4
northwestern Calabrian margin,6406.2,-7051.4
northwestern Calabrian margin,6472.4,-6811.9
northwestern Calabrian margin,6485.5,-5652.4
northwestern Calabrian margin,6540.4,3765.1
northwestern Calabrian margin,6540.4,3765.1
northwestern Calabrian margin,6555.2,10535.1
northwestern Calabrian margin,6567.9,-6294.4
northwestern Calabrian margin,6569.4,-7020.9
northwestern Calabrian margin,6588.7,-7167.9
northwestern Calabrian margin,6675.4,-7213.9
northwestern Calabrian margin,6676.8,11653.6
northwestern Calabrian margin,6684.9,-6170.9
northwestern Calabrian margin,6767.8,-6861.9
northwestern Calabrian margin,6770.5,-6082.9
northwestern Calabrian margin,6772.3,-6851.9
northwestern Calabrian margin,6827.9,-6985.4
northwestern Calabrian margin,6836.2,3543.1
northwestern Calabrian margin,6836.3,3543.1
northwestern Calabrian margin,6911.1,-7171.4
northwestern Calabrian margin,6966.9,-6778.9
northwestern Calabrian margin,7006.1,3805.1
northwestern Calabrian margin,7006.2,3805.1
northwestern Calabrian margin,7032.0,-7787.9
northwestern Calabrian margin,7163.3,-7745.9
northwestern Calabrian margin,7183.4,-7978.9
northwestern Calabrian margin,7269.0,-7907.9
northwestern Calabrian margin,7292.4,-7989.4
northwestern Calabrian margin,7304.1,3653.1
northwestern Calabrian margin,7304.2,3653.1
northwestern Calabrian margin,7354.4,-7253.4
northwestern Calabrian margin,7407.4,3300.1
northwestern Calabrian margin,7502.2,-8104.4
northwestern Calabrian margin,7541.2,3403.6
northwestern Calabrian margin,7600.0,-8394.9
northwestern Calabrian margin,7606.0,-8021.9
northwestern Calabrian margin,7646.0,-7384.9
northwestern Calabrian margin,7679.2,-8085.4
northwestern Calabrian margin,7777.4,-8433.9
northwestern Calabrian margin,7801.9,3223.1
northwestern Calabrian margin,7893.9,5647.1
northwestern Calabrian margin,8033.7,5452.6
northwestern Calabrian margin,8213.9,-7565.4
northwestern Calabrian margin,8232.0,618.1
northwestern Calabrian margin,8319.6,3659.1
northwestern Calabrian margin,8346.2,3859.6
northwestern Calabrian margin,8416.1,-7314.4
northwestern Calabrian margin,8570.0,857.6
northwestern Calabrian margin,8589.1,-7234.4
northwestern Calabrian margin,8614.4,639.6
northwestern Calabrian margin,8849.4,2990.1
northwestern Calabrian margin,8863.1,4701.1
northwestern Calabrian margin,9067.8,3956.6
northwestern Calabrian margin,9077.2,2864.6
northwestern Calabrian margin,9176.7,3701.6
northwestern Calabrian margin,9509.1,5344.1
northwestern Calabrian margin,9710.8,6583.6
northwestern Calabrian margin,9758.6,7603.1
northwestern Calabrian margin,9762.8,3853.1
northwestern Calabrian margin,9896.5,6403.1
northwestern Calabrian margin,9915.4,7477.1
northwestern Calabrian margin,9990.0,5421.1
northwestern Calabrian margin,10043.2,4183.6
Malta Plateau,-2753.6,-6535.3
Malta Plateau,-2491.5,-6027.3
Malta Plateau,-2426.0,-5675.1
Malta Plateau,-2327.7,-5822.6
Malta Plateau,-2319.5,-5478.6
Malta Plateau,-2303.1,-5888.1
Malta Plateau,-2196.6,-5601.3
Malta Plateau,-2147.5,-6060.1
Malta Plateau,-1623.2,-3930.3
Malta Plateau,-1418.4,-3225.8
Malta Plateau,-1402.0,-3217.6
Malta Plateau,-1270.5,-3126.6
Malta Plateau,-1098.9,-3692.8
Malta Plateau,-1090.7,-3659.8
Malta Plateau,-1052.1,-2660.6
Malta Plateau,-1052.1,-2904.6
Malta Plateau,-1015.6,-3093.8
Malta Plateau,-993.8,-2536.8
Malta Plateau,-982.9,-3319.6
Malta Plateau,-953.8,-2322.1
Malta Plateau,-942.8,-2940.8
Malta Plateau,-935.6,-2624.1
Malta Plateau,-902.8,-3079.3
Malta Plateau,-891.9,-2525.8
Malta Plateau,-891.9,-3264.8
Malta Plateau,-880.9,-2769.8
Malta Plateau,-877.3,-2431.1
Malta Plateau,-815.4,-1743.1
Malta Plateau,-808.1,-2096.3
Malta Plateau,-804.5,-1644.8
Malta Plateau,-797.2,-2376.6
Malta Plateau,-775.4,-2951.8
Malta Plateau,-768.1,-2413.1
Malta Plateau,-729.9,-1229.8
Malta Plateau,-720.7,-2099.8
Malta Plateau,-702.6,-2227.3
Malta Plateau,-693.4,-1535.6
Malta Plateau,-689.8,-1619.3
Malta Plateau,-644.3,-2405.8
Malta Plateau,-642.5,-978.6
Malta Plateau,-635.2,-1517.3
Malta Plateau,-626.1,-2281.8
Malta Plateau,-618.8,-2445.8
Malta Plateau,-613.3,-1280.8
Malta Plateau,-556.9,-2347.6
Malta Plateau,-547.8,-658.1
Malta Plateau,-540.5,-1612.1
Malta Plateau,-538.7,-1826.8
Malta Plateau,-533.2,-840.1
Malta Plateau,-529.6,-1561.1
Malta Plateau,-526.0,-1499.1
Malta Plateau,-518.7,-1098.6
Malta Plateau,-500.5,-1022.3
Malta Plateau,-493.2,-1320.8
Malta Plateau,-456.8,-1630.3
Malta Plateau,-453.1,-614.6
Malta Plateau,-431.3,-767.3
Malta Plateau,-420.4,-847.6
Malta Plateau,-402.2,-1364.3
Malta Plateau,-365.8,-1524.6
Malta Plateau,-362.1,-377.8
Malta Plateau,-358.5,-800.1
Malta Plateau,-358.5,-1131.3
Malta Plateau,-351.2,-1007.6
Malta Plateau,-327.6,-164.8
Malta Plateau,-322.1,-1652.1
Malta Plateau,-296.6,-1120.6
Malta Plateau,-271.1,-1440.8
Malta Plateau,-271.1,-698.1
Malta Plateau,-245.6,-494.3
Malta Plateau,-242.0,-261.3
Malta Plateau,-238.3,-1237.1
Malta Plateau,-209.2,-356.1
Malta Plateau,-196.5,282.9
Malta Plateau,-191.0,-709.1
Malta Plateau,-187.4,-1135.1
Malta Plateau,-156.4,86.4
Malta Plateau,-143.7,-1058.6
Malta Plateau,-136.4,-487.1
Malta Plateau,-136.4,-239.6
Malta Plateau,-132.8,-854.8
Malta Plateau,-110.9,-1000.3
Malta Plateau,-92.7,-352.3
Malta Plateau,-85.4,-942.1
Malta Plateau,-65.4,428.7
Malta Plateau,-54.5,486.9
Malta Plateau,-49.0,-279.6
Malta Plateau,-45.4,-629.1
Malta Plateau,-30.8,-865.6
Malta Plateau,-30.8,-752.8
Malta Plateau,-18.1,333.9
Malta Plateau,-18.1,679.9
Malta Plateau,-7.1,559.7
Malta Plateau,-3.5,111.9
Malta Plateau,-1.7,-479.8
Malta Plateau,11.0,239.4
Malta Plateau,16.5,-672.8
Malta Plateau,36.5,927.4
Malta Plateau,49.3,-574.3
Malta Plateau,51.1,778.2
Malta Plateau,54.7,366.7
Malta Plateau,100.2,-428.8
Malta Plateau,125.7,-294.1
Malta Plateau,131.2,424.9
Malta Plateau,138.5,210.2
Malta Plateau,142.1,75.4
Malta Plateau,145.8,512.4
Malta Plateau,178.5,381.2
Malta Plateau,207.6,1149.4
Malta Plateau,220.4,-148.3
Malta Plateau,233.1,767.2
Malta Plateau,233.1,625.2
Malta Plateau,269.5,-55.6
Malta Plateau,284.1,1116.7
Malta Plateau,284.1,923.7
Malta Plateau,316.9,148.2
Malta Plateau,324.1,319.4
Malta Plateau,360.5,1196.9
Malta Plateau,364.2,221.2
Malta Plateau,371.5,923.7
Malta Plateau,375.1,1539.2
Malta Plateau,382.4,1699.2
Malta Plateau,389.7,432.2
Malta Plateau,411.5,829.2
Malta Plateau,462.5,1145.9
Malta Plateau,469.8,1047.7
Malta Plateau,477.1,1528.2
Malta Plateau,482.5,2125.2
Malta Plateau,502.5,1262.4
Malta Plateau,504.4,2019.7
Malta Plateau,511.6,872.7
Malta Plateau,520.8,657.9
Malta Plateau,573.5,2361.9
Malta Plateau,589.9,1451.7
Malta Plateau,604.5,1003.9
Malta Plateau,626.3,1200.4
Malta Plateau,635.4,2096.2
Malta Plateau,637.3,1702.9
Malta Plateau,701.0,2168.9
Malta Plateau,751.9,2329.2
Malta Plateau,777.4,2412.9
Malta Plateau,788.4,2536.7
Malta Plateau,792.0,2074.2
Malta Plateau,797.4,1564.4
Malta Plateau,801.1,2736.9
Malta Plateau,810.2,1954.2
Malta Plateau,830.2,2966.2
Malta Plateau,853.9,2307.2
Malta Plateau,875.7,2026.9
Malta Plateau,897.6,2390.9
Malta Plateau,899.4,2820.7
Malta Plateau,901.2,1917.7
Malta Plateau,946.7,3272.2
Malta Plateau,966.7,2358.2
Malta Plateau,1005.0,2995.4
Malta Plateau,1008.6,3464.9
Malta Plateau,1015.9,2762.4
Malta Plateau,1023.2,3177.4
Malta Plateau,1025.0,2471.2
Malta Plateau,1074.1,2682.2
Malta Plateau,1074.1,3555.9
Malta Plateau,1074.1,3708.9
Malta Plateau,1094.2,2365.4
Malta Plateau,1099.6,3854.7
Malta Plateau,1114.2,3366.7
Malta Plateau,1139.7,3257.4
Malta Plateau,1145.1,2474.7
Malta Plateau,1179.7,2562.2
Malta Plateau,1190.6,4029.4
Malta Plateau,1201.6,2674.9
Malta Plateau,1245.3,3788.9
Malta Plateau,1248.9,3636.2
Malta Plateau,1270.8,3126.4
Malta Plateau,1270.8,3310.2
Malta Plateau,1339.9,3454.2
Malta Plateau,1361.8,3108.2
Malta Plateau,1423.7,4680.9
Malta Plateau,1445.5,3821.9
Malta Plateau,1525.6,4375.2
Malta Plateau,1532.9,3472.2
Malta Plateau,1543.8,4298.7
Malta Plateau,1613.0,4291.4
Malta Plateau,1702.2,4708.4
Malta Plateau,1704.0,3930.9
